epoch,step,test_BinaryAUROC,test_BinaryAccuracy,test_BinaryF1Score,test_BinaryPrecision,test_BinaryRecall,test_BinarySpecificity,test_loss
0,0,0.5613850355148315,0.5374911427497864,0.6157312393188477,0.5266420841217041,0.7410988211631775,0.33388352394104004,1.128650426864624
