epoch,step,test_BinaryAUROC,test_BinaryAccuracy,test_BinaryF1Score,test_BinaryPrecision,test_BinaryRecall,test_BinarySpecificity,test_loss
0,0,0.5845773220062256,0.703045666217804,0.8180404305458069,0.7429378628730774,0.9100345969200134,0.13333334028720856,1.0058296918869019
