epoch,step,test_BinaryAUROC,test_BinaryAccuracy,test_BinaryF1Score,test_BinaryPrecision,test_BinaryRecall,test_BinarySpecificity,test_loss
0,0,0.6259597539901733,0.5921952128410339,0.5983045101165771,0.5894736647605896,0.6074039340019226,0.57698655128479,0.913075864315033
