epoch,step,test_BinaryAUROC,test_BinaryAccuracy,test_BinaryF1Score,test_BinaryPrecision,test_BinaryRecall,test_BinarySpecificity,test_loss
0,0,0.9393310546875,0.8730964660644531,0.9084249138832092,0.9649805426597595,0.858131468296051,0.9142857193946838,0.3346700966358185
