epoch,step,test_BinaryAUROC,test_BinaryAccuracy,test_BinaryF1Score,test_BinaryPrecision,test_BinaryRecall,test_BinarySpecificity,test_loss
0,0,0.8603065013885498,0.7131979465484619,0.7600849270820618,0.9835164546966553,0.6193771362304688,0.9714285731315613,1.037933588027954
