epoch,step,val_BinaryAUROC,val_BinaryAccuracy,val_BinaryF1Score,val_BinaryPrecision,val_BinaryRecall,val_BinarySpecificity,val_loss
0,0,0.9126700162887573,0.809440553188324,0.8779395222663879,0.9824561476707458,0.7935222387313843,0.9102563858032227,0.555054247379303
