epoch,step,test_BinaryAUROC,test_BinaryAccuracy,test_BinaryF1Score,test_BinaryPrecision,test_BinaryRecall,test_BinarySpecificity,test_loss
0,0,0.9276816844940186,0.817258894443512,0.8615384697914124,0.9696969985961914,0.775086522102356,0.9333333373069763,0.48122942447662354
