epoch,step,val_BinaryAUROC,val_BinaryAccuracy,val_BinaryF1Score,val_BinaryPrecision,val_BinaryRecall,val_BinarySpecificity,val_loss
0,0,0.6632928848266602,0.7972028255462646,0.886274516582489,0.8593155741691589,0.9149797558784485,0.05128205195069313,0.8141126036643982
