epoch,step,val_BinaryAUROC,val_BinaryAccuracy,val_BinaryF1Score,val_BinaryPrecision,val_BinaryRecall,val_BinarySpecificity,val_loss
0,0,0.27231913805007935,0.33916082978248596,0.4735375940799713,0.7589285969734192,0.3441295623779297,0.3076923191547394,1.6475800275802612
