epoch,step,test_BinaryAUROC,test_BinaryAccuracy,test_BinaryF1Score,test_BinaryPrecision,test_BinaryRecall,test_BinarySpecificity,test_loss
0,0,0.6210578680038452,0.6598984599113464,0.7912772297859192,0.7195467352867126,0.878892719745636,0.05714285746216774,1.4003876447677612
