epoch,step,test_BinaryAUROC,test_BinaryAccuracy,test_BinaryF1Score,test_BinaryPrecision,test_BinaryRecall,test_BinarySpecificity,test_loss
0,0,0.8940846920013428,0.7284263968467712,0.7793814539909363,0.9642857313156128,0.6539792418479919,0.9333333373069763,1.0326478481292725
