epoch,step,test_BinaryAUROC,test_BinaryAccuracy,test_BinaryF1Score,test_BinaryPrecision,test_BinaryRecall,test_BinarySpecificity,test_loss
0,0,0.6268948316574097,0.5923131108283997,0.6003236174583435,0.5887553691864014,0.6123555898666382,0.5722706913948059,0.9124509692192078
