epoch,step,test_BinaryAUROC,test_BinaryAccuracy,test_BinaryF1Score,test_BinaryPrecision,test_BinaryRecall,test_BinarySpecificity,test_loss
0,0,0.910265326499939,0.7335025668144226,0.7843942642211914,0.9646464586257935,0.6608996391296387,0.9333333373069763,0.9206790924072266
