epoch,step,test_BinaryAUROC,test_BinaryAccuracy,test_BinaryF1Score,test_BinaryPrecision,test_BinaryRecall,test_BinarySpecificity,test_loss
0,0,0.894051730632782,0.8020304441452026,0.8482490181922913,0.9688888788223267,0.754325270652771,0.9333333373069763,0.6463706493377686
