epoch,step,test_BinaryAUROC,test_BinaryAccuracy,test_BinaryF1Score,test_BinaryPrecision,test_BinaryRecall,test_BinarySpecificity,test_loss
0,0,0.9444224834442139,0.875634491443634,0.9144851565361023,0.922535240650177,0.9065743684768677,0.7904762029647827,0.34408944845199585
