epoch,step,test_BinaryAUROC,test_BinaryAccuracy,test_BinaryF1Score,test_BinaryPrecision,test_BinaryRecall,test_BinarySpecificity,test_loss
0,0,0.9248640537261963,0.817258894443512,0.8646616339683533,0.9465020298957825,0.7958477735519409,0.8761904835700989,0.543095588684082
