epoch,step,test_BinaryAUROC,test_BinaryAccuracy,test_BinaryF1Score,test_BinaryPrecision,test_BinaryRecall,test_BinarySpecificity,test_loss
0,0,0.9274345636367798,0.875634491443634,0.9150779843330383,0.9166666865348816,0.9134948253631592,0.7714285850524902,0.41491925716400146
