epoch,step,val_BinaryAUROC,val_BinaryAccuracy,val_BinaryF1Score,val_BinaryPrecision,val_BinaryRecall,val_BinarySpecificity,val_loss
0,0,0.6095470786094666,0.500767171382904,0.6672435402870178,0.5006492733955383,1.0,0.0004725898033939302,3.847114324569702
