epoch,step,test_BinaryAUROC,test_BinaryAccuracy,test_BinaryF1Score,test_BinaryPrecision,test_BinaryRecall,test_BinarySpecificity,test_loss
0,0,0.5440644025802612,0.5154444575309753,0.6088694334030151,0.5104515552520752,0.7543032169342041,0.2765856981277466,1.458765983581543
