epoch,step,test_BinaryAUROC,test_BinaryAccuracy,test_BinaryF1Score,test_BinaryPrecision,test_BinaryRecall,test_BinarySpecificity,test_loss
0,0,0.9390344619750977,0.682741105556488,0.7252747416496277,0.9939758777618408,0.5709342360496521,0.9904761910438538,0.913422703742981
