epoch,step,test_BinaryAUROC,test_BinaryAccuracy,test_BinaryF1Score,test_BinaryPrecision,test_BinaryRecall,test_BinarySpecificity,test_loss
0,0,0.5868575572967529,0.5512850880622864,0.6425619721412659,0.533947229385376,0.806649386882782,0.2959207594394684,1.3330841064453125
