epoch,step,val_BinaryAUROC,val_BinaryAccuracy,val_BinaryF1Score,val_BinaryPrecision,val_BinaryRecall,val_BinarySpecificity,val_loss
0,0,0.5712006092071533,0.8583915829658508,0.9238005876541138,0.862917423248291,0.9939271211624146,0.0,0.9366660118103027
