fooling_rate,step,time_elapsed,uap,uap_step,uap_time_elapsed
0.515,0,24.802976001999923,0,1,
,0,,,,24.924434794999797
0.5,1,25.809235677999823,1,1,
,1,,,,25.943138640000143
0.475,2,25.772479762999865,2,1,
0.495,3,21.81321745600053,2,2,
0.515,4,22.387864016000094,2,3,
,4,,,,70.11427517399989
0.515,5,25.098417900999266,3,1,
,5,,,,25.23075177299961
0.475,6,25.153969953999876,4,1,
0.54,7,21.339204733999395,4,2,
,7,,,,46.6334118069999
