epoch,step,val_BinaryAUROC,val_BinaryAccuracy,val_BinaryF1Score,val_BinaryPrecision,val_BinaryRecall,val_BinarySpecificity,val_loss
0,0,0.9460189342498779,0.8181818127632141,0.8836688995361328,0.987500011920929,0.7995951175689697,0.9358974099159241,0.5629607439041138
