epoch,step,test_BinaryAUROC,test_BinaryAccuracy,test_BinaryF1Score,test_BinaryPrecision,test_BinaryRecall,test_BinarySpecificity,test_loss
0,0,0.7325732707977295,0.6917000412940979,0.6988368034362793,0.6830256581306458,0.715397298336029,0.6680028438568115,0.8571369051933289
