fooling_rate,step,time_elapsed,uap,uap_step,uap_time_elapsed
0.55,0,25.879034884001157,0,1,
,0,,,,26.024681057000635
0.55,1,25.66293396400033,1,1,
,1,,,,25.825020588999905
0.555,2,25.892350801999783,2,1,
,2,,,,26.05305189200044
0.54,3,25.74573892999979,3,1,
,3,,,,25.923125564000657
0.545,4,25.954134456998872,4,1,
,4,,,,26.111951189999672
