epoch,step,val_BinaryAUROC,val_BinaryAccuracy,val_BinaryF1Score,val_BinaryPrecision,val_BinaryRecall,val_BinarySpecificity,val_loss
0,0,0.9502231478691101,0.8006992936134338,0.8698630332946777,0.9973822236061096,0.7712550759315491,0.9871794581413269,0.5829094052314758
