epoch,step,val_BinaryAUROC,val_BinaryAccuracy,val_BinaryF1Score,val_BinaryPrecision,val_BinaryRecall,val_BinarySpecificity,val_loss
0,0,0.9996886253356934,0.9930070042610168,0.9959595799446106,0.9939516186714172,0.9979757070541382,0.9615384340286255,0.0199469942599535
