epoch,step,test_BinaryAUROC,test_BinaryAccuracy,test_BinaryF1Score,test_BinaryPrecision,test_BinaryRecall,test_BinarySpecificity,test_loss
0,0,0.6043460369110107,0.5738033652305603,0.6141530871391296,0.5610374212265015,0.6783777475357056,0.46922895312309265,0.9845685362815857
