epoch,step,test_BinaryAUROC,test_BinaryAccuracy,test_BinaryF1Score,test_BinaryPrecision,test_BinaryRecall,test_BinarySpecificity,test_loss
0,0,0.93287193775177,0.8604061007499695,0.8975791335105896,0.9717742204666138,0.8339100480079651,0.9333333373069763,0.42736202478408813
