epoch,step,val_BinaryAUROC,val_BinaryAccuracy,val_BinaryF1Score,val_BinaryPrecision,val_BinaryRecall,val_BinarySpecificity,val_loss
0,0,0.36810964345932007,0.22902098298072815,0.23834197223186493,0.8117647171020508,0.13967610895633698,0.7948718070983887,2.620133876800537
