epoch,step,test_BinaryAUROC,test_BinaryAccuracy,test_BinaryF1Score,test_BinaryPrecision,test_BinaryRecall,test_BinarySpecificity,test_loss
0,0,0.8542922735214233,0.7614213228225708,0.8588588833808899,0.7586206793785095,0.9896193742752075,0.13333334028720856,1.1839240789413452
