epoch,step,val_BinaryAUROC,val_BinaryAccuracy,val_BinaryF1Score,val_BinaryPrecision,val_BinaryRecall,val_BinarySpecificity,val_loss
0,0,0.8230042457580566,0.6835664510726929,0.7806060314178467,0.9728096723556519,0.6518218517303467,0.8846153616905212,1.1713190078735352
