epoch,step,val_BinaryAUROC,val_BinaryAccuracy,val_BinaryF1Score,val_BinaryPrecision,val_BinaryRecall,val_BinarySpecificity,val_loss
0,0,0.9499896168708801,0.6818181872367859,0.7753086686134338,0.9936708807945251,0.6356275081634521,0.9743589758872986,0.8280629515647888
