epoch,step,test_BinaryAUROC,test_BinaryAccuracy,test_BinaryF1Score,test_BinaryPrecision,test_BinaryRecall,test_BinarySpecificity,test_loss
0,0,0.9397594332695007,0.8857868313789368,0.9211909174919128,0.932624101638794,0.9100345969200134,0.8190476298332214,0.35196104645729065
