epoch,step,val_BinaryAUROC,val_BinaryAccuracy,val_BinaryF1Score,val_BinaryPrecision,val_BinaryRecall,val_BinarySpecificity,val_loss
0,0,0.7521281242370605,0.4318181872367859,0.5142002701759338,0.9828571677207947,0.3481781482696533,0.9615384340286255,2.391071081161499
