epoch,step,test_BinaryAUROC,test_BinaryAccuracy,test_BinaryF1Score,test_BinaryPrecision,test_BinaryRecall,test_BinarySpecificity,test_loss
0,0,0.911583423614502,0.8324872851371765,0.874524712562561,0.9704641103744507,0.7958477735519409,0.9333333373069763,0.5460674166679382
