epoch,step,val_BinaryAUROC,val_BinaryAccuracy,val_BinaryF1Score,val_BinaryPrecision,val_BinaryRecall,val_BinarySpecificity,val_loss
0,0,0.8851863741874695,0.867132842540741,0.9285714030265808,0.8666666746139526,1.0,0.025641025975346565,0.45477911829948425
