epoch,step,test_BinaryAUROC,test_BinaryAccuracy,test_BinaryF1Score,test_BinaryPrecision,test_BinaryRecall,test_BinarySpecificity,test_loss
0,0,0.9199868440628052,0.8147208094596863,0.8593448996543884,0.969565212726593,0.7716262936592102,0.9333333373069763,0.4909207820892334
