epoch,step,test_BinaryAUROC,test_BinaryAccuracy,test_BinaryF1Score,test_BinaryPrecision,test_BinaryRecall,test_BinarySpecificity,test_loss
0,0,0.8979073762893677,0.7487309575080872,0.8497723937034607,0.7567567825317383,0.9688581228256226,0.1428571492433548,0.8131179213523865
