fooling_rate,step,time_elapsed,uap,uap_step,uap_time_elapsed
0.535,0,25.96577710999918,0,1,
,0,,,,26.11083781099842
0.535,1,25.874543026000538,1,1,
,1,,,,26.04255369599923
0.535,2,25.766323433999787,2,1,
,2,,,,25.9341188340004
0.535,3,25.90889527500076,3,1,
,3,,,,26.065907670999877
0.535,4,25.955142814998908,4,1,
,4,,,,26.112747279999894
