epoch,step,test_BinaryAUROC,test_BinaryAccuracy,test_BinaryF1Score,test_BinaryPrecision,test_BinaryRecall,test_BinarySpecificity,test_loss
0,0,0.9292469620704651,0.7918781638145447,0.8360000252723694,0.9905213117599487,0.7231833934783936,0.9809523820877075,0.6940422058105469
