epoch,step,test_BinaryAUROC,test_BinaryAccuracy,test_BinaryF1Score,test_BinaryPrecision,test_BinaryRecall,test_BinarySpecificity,test_loss
0,0,0.6136232018470764,0.5726243853569031,0.6491822600364685,0.5505580902099609,0.7908512353897095,0.3543975353240967,1.01582670211792
