epoch,step,test_BinaryAUROC,test_BinaryAccuracy,test_BinaryF1Score,test_BinaryPrecision,test_BinaryRecall,test_BinarySpecificity,test_loss
0,0,0.8817268013954163,0.789340078830719,0.8541300296783447,0.8678571581840515,0.8408304452896118,0.6476190686225891,0.49780896306037903
