epoch,step,val_BinaryAUROC,val_BinaryAccuracy,val_BinaryF1Score,val_BinaryPrecision,val_BinaryRecall,val_BinarySpecificity,val_loss
0,0,0.18469063937664032,0.24475523829460144,0.3513513505458832,0.680232584476471,0.2368421107530594,0.29487180709838867,1.7838592529296875
