fooling_rate,step,time_elapsed,uap,uap_step,uap_time_elapsed
0.495,0,23.825445149999723,0,1,
0.565,1,19.633644364999782,0,2,
,1,,,,43.61128871499932
0.5,2,24.396565244999692,1,1,
,2,,,,24.544105824000326
0.49,3,23.785287530999994,2,1,
0.55,4,18.531440107999515,2,2,
,4,,,,42.469682390000344
0.515,5,23.586053054999866,3,1,
,5,,,,23.737743386000147
0.51,6,23.860434045000147,4,1,
,6,,,,24.034422962999997
