epoch,step,test_BinaryAUROC,test_BinaryAccuracy,test_BinaryF1Score,test_BinaryPrecision,test_BinaryRecall,test_BinarySpecificity,test_loss
0,0,0.615235447883606,0.58347088098526,0.5974706411361694,0.5780423283576965,0.6182504296302795,0.5486913323402405,0.9323045015335083
