epoch,step,test_BinaryAUROC,test_BinaryAccuracy,test_BinaryF1Score,test_BinaryPrecision,test_BinaryRecall,test_BinarySpecificity,test_loss
0,0,0.5869364738464355,0.5543503761291504,0.6418419480323792,0.5365119576454163,0.7986323833465576,0.31006836891174316,1.3385701179504395
