epoch,step,val_BinaryAUROC,val_BinaryAccuracy,val_BinaryF1Score,val_BinaryPrecision,val_BinaryRecall,val_BinarySpecificity,val_loss
0,0,0.9331205487251282,0.8304196000099182,0.8928176760673523,0.9829683899879456,0.8178137540817261,0.9102563858032227,0.4526233673095703
