epoch,step,test_BinaryAUROC,test_BinaryAccuracy,test_BinaryF1Score,test_BinaryPrecision,test_BinaryRecall,test_BinarySpecificity,test_loss
0,0,0.5489929914474487,0.5291205048561096,0.5647341012954712,0.5250253081321716,0.6109408140182495,0.44730016589164734,1.1912351846694946
