epoch,step,test_BinaryAUROC,test_BinaryAccuracy,test_BinaryF1Score,test_BinaryPrecision,test_BinaryRecall,test_BinarySpecificity,test_loss
0,0,0.5454959273338318,0.5142654776573181,0.6667745113372803,0.5074479579925537,0.9719405770301819,0.056590426713228226,3.2977044582366943
