epoch,step,val_BinaryAUROC,val_BinaryAccuracy,val_BinaryF1Score,val_BinaryPrecision,val_BinaryRecall,val_BinarySpecificity,val_loss
0,0,0.8921431303024292,0.7654903531074524,0.7351019978523254,0.845705509185791,0.650082528591156,0.8811436891555786,0.48171916604042053
