epoch,step,test_BinaryAUROC,test_BinaryAccuracy,test_BinaryF1Score,test_BinaryPrecision,test_BinaryRecall,test_BinarySpecificity,test_loss
0,0,0.5499357581138611,0.5201603174209595,0.6658456325531006,0.5107696056365967,0.9561424255371094,0.08417826145887375,1.5229429006576538
