epoch,step,val_BinaryAUROC,val_BinaryAccuracy,val_BinaryF1Score,val_BinaryPrecision,val_BinaryRecall,val_BinarySpecificity,val_loss
0,0,0.7381916046142578,0.5,0.6027777791023254,0.9601770043373108,0.4392712414264679,0.8846153616905212,1.6290374994277954
