epoch,step,test_BinaryAUROC,test_BinaryAccuracy,test_BinaryF1Score,test_BinaryPrecision,test_BinaryRecall,test_BinarySpecificity,test_loss
0,0,0.9259186387062073,0.7868020534515381,0.8365758657455444,0.9555555582046509,0.7439446449279785,0.9047619104385376,0.6372940540313721
