epoch,step,val_BinaryAUROC,val_BinaryAccuracy,val_BinaryF1Score,val_BinaryPrecision,val_BinaryRecall,val_BinarySpecificity,val_loss
0,0,0.8881365060806274,0.8033754229545593,0.7970272898674011,0.8245525360107422,0.7712803483009338,0.8355387449264526,0.48460090160369873
