epoch,step,val_BinaryAUROC,val_BinaryAccuracy,val_BinaryF1Score,val_BinaryPrecision,val_BinaryRecall,val_BinarySpecificity,val_loss
0,0,0.38783347606658936,0.6538461446762085,0.7875536680221558,0.8378995656967163,0.7429149746894836,0.08974359184503555,0.8234091997146606
