epoch,step,test_BinaryAUROC,test_BinaryAccuracy,test_BinaryF1Score,test_BinaryPrecision,test_BinaryRecall,test_BinarySpecificity,test_loss
0,0,0.9409128427505493,0.8147208094596863,0.8609523773193359,0.9576271176338196,0.7820069193840027,0.9047619104385376,0.5283507704734802
