epoch,step,val_BinaryAUROC,val_BinaryAccuracy,val_BinaryF1Score,val_BinaryPrecision,val_BinaryRecall,val_BinarySpecificity,val_loss
0,0,0.9723606109619141,0.8461538553237915,0.9028697609901428,0.9927184581756592,0.8279352188110352,0.9615384340286255,0.46070221066474915
