epoch,step,test_BinaryAUROC,test_BinaryAccuracy,test_BinaryF1Score,test_BinaryPrecision,test_BinaryRecall,test_BinarySpecificity,test_loss
0,0,0.8634371757507324,0.7284263968467712,0.7784678936004639,0.969072163105011,0.6505190134048462,0.9428571462631226,0.8906354904174805
