epoch,step,test_BinaryAUROC,test_BinaryAccuracy,test_BinaryF1Score,test_BinaryPrecision,test_BinaryRecall,test_BinarySpecificity,test_loss
0,0,0.8976766467094421,0.7868020534515381,0.8695651888847351,0.7887324094772339,0.9688581228256226,0.2857142984867096,0.7318131923675537
