epoch,step,test_BinaryAUROC,test_BinaryAccuracy,test_BinaryF1Score,test_BinaryPrecision,test_BinaryRecall,test_BinarySpecificity,test_loss
0,0,0.9478497505187988,0.8527919054031372,0.8909774422645569,0.9753086566925049,0.8200691938400269,0.9428571462631226,0.47433024644851685
