epoch,step,val_BinaryAUROC,val_BinaryAccuracy,val_BinaryF1Score,val_BinaryPrecision,val_BinaryRecall,val_BinarySpecificity,val_loss
0,0,0.8456251621246338,0.7471969723701477,0.7407407164573669,0.7610047459602356,0.7215279340744019,0.7729206085205078,0.5331916213035583
