epoch,step,test_BinaryAUROC,test_BinaryAccuracy,test_BinaryF1Score,test_BinaryPrecision,test_BinaryRecall,test_BinarySpecificity,test_loss
0,0,0.941522479057312,0.8604061007499695,0.9093904495239258,0.8679245114326477,0.9550173282623291,0.6000000238418579,0.35966041684150696
