epoch,step,test_BinaryAUROC,test_BinaryAccuracy,test_BinaryF1Score,test_BinaryPrecision,test_BinaryRecall,test_BinarySpecificity,test_loss
0,0,0.8371725082397461,0.7614213228225708,0.8580060601234436,0.7613940834999084,0.9826989769935608,0.15238095819950104,1.1418194770812988
