epoch,step,test_BinaryAUROC,test_BinaryAccuracy,test_BinaryF1Score,test_BinaryPrecision,test_BinaryRecall,test_BinarySpecificity,test_loss
0,0,0.8022573590278625,0.710659921169281,0.7663934230804443,0.9396985173225403,0.6470588445663452,0.8857142925262451,0.9830090999603271
