epoch,step,test_BinaryAUROC,test_BinaryAccuracy,test_BinaryF1Score,test_BinaryPrecision,test_BinaryRecall,test_BinarySpecificity,test_loss
0,0,0.7054548859596252,0.6381749510765076,0.6505749821662903,0.6290180683135986,0.6736618876457214,0.6026880741119385,0.7025989890098572
