epoch,step,test_BinaryAUROC,test_BinaryAccuracy,test_BinaryF1Score,test_BinaryPrecision,test_BinaryRecall,test_BinarySpecificity,test_loss
0,0,0.6644327640533447,0.6030417084693909,0.6248468160629272,0.5923109650611877,0.6611648201942444,0.5449186563491821,0.752884566783905
