epoch,step,val_BinaryAUROC,val_BinaryAccuracy,val_BinaryF1Score,val_BinaryPrecision,val_BinaryRecall,val_BinarySpecificity,val_loss
0,0,0.7751738429069519,0.31293705105781555,0.34170854091644287,0.9902912378311157,0.20647773146629333,0.9871794581413269,2.737534523010254
