epoch,step,val_BinaryAUROC,val_BinaryAccuracy,val_BinaryF1Score,val_BinaryPrecision,val_BinaryRecall,val_BinarySpecificity,val_loss
0,0,0.5593532919883728,0.8356643319129944,0.9103053212165833,0.8610108494758606,0.9655870199203491,0.012820512987673283,0.8286466598510742
