epoch,step,val_BinaryAUROC,val_BinaryAccuracy,val_BinaryF1Score,val_BinaryPrecision,val_BinaryRecall,val_BinarySpecificity,val_loss
0,0,0.7809736728668213,0.5011212229728699,0.6673486828804016,0.5008268356323242,0.9997642040252686,0.0014177693519741297,3.4014859199523926
