epoch,step,test_BinaryAUROC,test_BinaryAccuracy,test_BinaryF1Score,test_BinaryPrecision,test_BinaryRecall,test_BinarySpecificity,test_loss
0,0,0.9346843957901001,0.8604061007499695,0.9023090600967407,0.9270073175430298,0.878892719745636,0.8095238208770752,0.3765093982219696
