fooling_rate,step,time_elapsed,uap,uap_step,uap_time_elapsed
0.555,0,25.510642143999576,0,1,
,0,,,,25.654026520000116
0.56,1,25.846058594999704,1,1,
,1,,,,26.022250522999457
0.545,2,25.631550232001246,2,1,
,2,,,,25.786770974998944
0.53,3,25.414447732000554,3,1,
,3,,,,25.563571389000572
0.56,4,25.751515128000392,4,1,
,4,,,,25.911684102000436
