epoch,step,val_BinaryAUROC,val_BinaryAccuracy,val_BinaryF1Score,val_BinaryPrecision,val_BinaryRecall,val_BinarySpecificity,val_loss
0,0,0.8368529677391052,0.735748827457428,0.7252423763275146,0.7561412453651428,0.696769654750824,0.7748109698295593,0.5467548966407776
