epoch,step,test_BinaryAUROC,test_BinaryAccuracy,test_BinaryF1Score,test_BinaryPrecision,test_BinaryRecall,test_BinarySpecificity,test_loss
0,0,0.8781348466873169,0.7690355181694031,0.8169013857841492,0.9759615659713745,0.7024221420288086,0.9523809552192688,0.8735402226448059
