epoch,step,val_BinaryAUROC,val_BinaryAccuracy,val_BinaryF1Score,val_BinaryPrecision,val_BinaryRecall,val_BinarySpecificity,val_loss
0,0,0.8984999656677246,0.47727271914482117,0.5672937631607056,0.9949238300323486,0.39676111936569214,0.9871794581413269,1.1036738157272339
