epoch,step,val_BinaryAUROC,val_BinaryAccuracy,val_BinaryF1Score,val_BinaryPrecision,val_BinaryRecall,val_BinarySpecificity,val_loss
0,0,0.891796886920929,0.7687950134277344,0.7290831208229065,0.881605327129364,0.621551513671875,0.9163516163825989,0.6347325444221497
