epoch,step,test_BinaryAUROC,test_BinaryAccuracy,test_BinaryF1Score,test_BinaryPrecision,test_BinaryRecall,test_BinarySpecificity,test_loss
0,0,0.9106113314628601,0.8299492597579956,0.8742964267730713,0.9549180269241333,0.8062283992767334,0.8952381014823914,0.5547213554382324
