epoch,step,test_BinaryAUROC,test_BinaryAccuracy,test_BinaryF1Score,test_BinaryPrecision,test_BinaryRecall,test_BinarySpecificity,test_loss
0,0,0.6044067144393921,0.5774581432342529,0.5794414281845093,0.5767344236373901,0.5821740031242371,0.5727422833442688,1.0438518524169922
