epoch,step,val_BinaryAUROC,val_BinaryAccuracy,val_BinaryF1Score,val_BinaryPrecision,val_BinaryRecall,val_BinarySpecificity,val_loss
0,0,0.7430529594421387,0.6671780943870544,0.6986535787582397,0.6388508677482605,0.770808756351471,0.5633270144462585,0.8351368308067322
