epoch,step,val_BinaryAUROC,val_BinaryAccuracy,val_BinaryF1Score,val_BinaryPrecision,val_BinaryRecall,val_BinarySpecificity,val_loss
0,0,0.9667807817459106,0.8863636255264282,0.9306296706199646,0.9841986298561096,0.8825910687446594,0.9102563858032227,0.3831624686717987
