epoch,step,test_BinaryAUROC,test_BinaryAccuracy,test_BinaryF1Score,test_BinaryPrecision,test_BinaryRecall,test_BinarySpecificity,test_loss
0,0,0.9408469796180725,0.7868020534515381,0.8326693177223206,0.9812206625938416,0.7231833934783936,0.961904764175415,0.5991683602333069
