epoch,step,test_BinaryAUROC,test_BinaryAccuracy,test_BinaryF1Score,test_BinaryPrecision,test_BinaryRecall,test_BinarySpecificity,test_loss
0,0,0.5888228416442871,0.546687126159668,0.5185927152633667,0.5528563857078552,0.488328218460083,0.6050459742546082,0.8177018165588379
