epoch,step,test_BinaryAUROC,test_BinaryAccuracy,test_BinaryF1Score,test_BinaryPrecision,test_BinaryRecall,test_BinarySpecificity,test_loss
0,0,0.5562450289726257,0.5025937557220459,0.6678214073181152,0.5013002157211304,1.0,0.00518745556473732,4.037784099578857
