epoch,step,test_BinaryAUROC,test_BinaryAccuracy,test_BinaryF1Score,test_BinaryPrecision,test_BinaryRecall,test_BinarySpecificity,test_loss
0,0,0.5836476683616638,0.554114580154419,0.5072954893112183,0.5668122172355652,0.45908984541893005,0.6491393446922302,1.0463435649871826
