epoch,step,val_BinaryAUROC,val_BinaryAccuracy,val_BinaryF1Score,val_BinaryPrecision,val_BinaryRecall,val_BinarySpecificity,val_loss
0,0,0.9998703002929688,0.9947552680969238,0.9969666600227356,0.9959595799446106,0.9979757070541382,0.9743589758872986,0.014405626803636551
