epoch,step,test_BinaryAUROC,test_BinaryAccuracy,test_BinaryF1Score,test_BinaryPrecision,test_BinaryRecall,test_BinarySpecificity,test_loss
0,0,0.9562366008758545,0.893401026725769,0.9260563254356384,0.9426523447036743,0.9100345969200134,0.8476190567016602,0.2885343134403229
