epoch,step,test_BinaryAUROC,test_BinaryAccuracy,test_BinaryF1Score,test_BinaryPrecision,test_BinaryRecall,test_BinarySpecificity,test_loss
0,0,0.913362979888916,0.6751269102096558,0.719298243522644,0.9820359349250793,0.5674740672111511,0.9714285731315613,1.2045387029647827
