epoch,step,test_BinaryAUROC,test_BinaryAccuracy,test_BinaryF1Score,test_BinaryPrecision,test_BinaryRecall,test_BinarySpecificity,test_loss
0,0,0.7484011650085449,0.690285325050354,0.7232697606086731,0.6536557674407959,0.8094788789749146,0.5710917115211487,0.7896851301193237
