epoch,step,val_BinaryAUROC,val_BinaryAccuracy,val_BinaryF1Score,val_BinaryPrecision,val_BinaryRecall,val_BinarySpecificity,val_loss
0,0,0.9254255890846252,0.8846153616905212,0.9312499761581421,0.959227442741394,0.9048582911491394,0.7564102411270142,0.3786332905292511
