epoch,step,test_BinaryAUROC,test_BinaryAccuracy,test_BinaryF1Score,test_BinaryPrecision,test_BinaryRecall,test_BinarySpecificity,test_loss
0,0,0.9460537433624268,0.8578680157661438,0.89552241563797,0.9716598987579346,0.8304498195648193,0.9333333373069763,0.34161555767059326
