epoch,step,test_BinaryAUROC,test_BinaryAccuracy,test_BinaryF1Score,test_BinaryPrecision,test_BinaryRecall,test_BinarySpecificity,test_loss
0,0,0.9334486722946167,0.8604061007499695,0.9029982089996338,0.9208633303642273,0.8858131766319275,0.7904762029647827,0.39364755153656006
