epoch,step,test_BinaryAUROC,test_BinaryAccuracy,test_BinaryF1Score,test_BinaryPrecision,test_BinaryRecall,test_BinarySpecificity,test_loss
0,0,0.6118102073669434,0.5244046449661255,0.6722989678382874,0.5128268599510193,0.9757132530212402,0.07309596985578537,2.5431387424468994
