epoch,step,test_BinaryAUROC,test_BinaryAccuracy,test_BinaryF1Score,test_BinaryPrecision,test_BinaryRecall,test_BinarySpecificity,test_loss
0,0,0.8971824049949646,0.7614213228225708,0.8112449645996094,0.9665071964263916,0.6989619135856628,0.9333333373069763,0.6959580779075623
