epoch,step,test_BinaryAUROC,test_BinaryAccuracy,test_BinaryF1Score,test_BinaryPrecision,test_BinaryRecall,test_BinarySpecificity,test_loss
0,0,0.5734430551528931,0.540202796459198,0.6351730823516846,0.5264382362365723,0.8005187511444092,0.27988681197166443,1.381753921508789
