epoch,step,test_BinaryAUROC,test_BinaryAccuracy,test_BinaryF1Score,test_BinaryPrecision,test_BinaryRecall,test_BinarySpecificity,test_loss
0,0,0.5787115693092346,0.532893180847168,0.6712578535079956,0.5178593993186951,0.9537844657897949,0.11200188845396042,1.6355259418487549
