epoch,step,val_BinaryAUROC,val_BinaryAccuracy,val_BinaryF1Score,val_BinaryPrecision,val_BinaryRecall,val_BinarySpecificity,val_loss
0,0,0.8551853895187378,0.7607694864273071,0.7596917748451233,0.7639485001564026,0.7554821968078613,0.7660680413246155,0.5286626815795898
