epoch,step,test_BinaryAUROC,test_BinaryAccuracy,test_BinaryF1Score,test_BinaryPrecision,test_BinaryRecall,test_BinarySpecificity,test_loss
0,0,0.9046300053596497,0.7538071274757385,0.8040404319763184,0.9660193920135498,0.6885812878608704,0.9333333373069763,0.9170135259628296
