epoch,step,test_BinaryAUROC,test_BinaryAccuracy,test_BinaryF1Score,test_BinaryPrecision,test_BinaryRecall,test_BinarySpecificity,test_loss
0,0,0.8834733963012695,0.7284263968467712,0.7811861038208008,0.9549999833106995,0.6608996391296387,0.9142857193946838,0.6289370059967041
