epoch,step,test_BinaryAUROC,test_BinaryAccuracy,test_BinaryF1Score,test_BinaryPrecision,test_BinaryRecall,test_BinarySpecificity,test_loss
0,0,0.5751256942749023,0.547630250453949,0.611993134021759,0.5357648730278015,0.7135109901428223,0.38174960017204285,1.2238025665283203
