epoch,step,test_BinaryAUROC,test_BinaryAccuracy,test_BinaryF1Score,test_BinaryPrecision,test_BinaryRecall,test_BinarySpecificity,test_loss
0,0,0.9162794351577759,0.8299492597579956,0.8761552572250366,0.9404761791229248,0.8200691938400269,0.8571428656578064,0.505282998085022
