epoch,step,val_BinaryAUROC,val_BinaryAccuracy,val_BinaryF1Score,val_BinaryPrecision,val_BinaryRecall,val_BinarySpecificity,val_loss
0,0,0.9989878535270691,0.9895104765892029,0.9939393997192383,0.9919354915618896,0.9959514141082764,0.9487179517745972,0.029033640399575233
