epoch,step,test_BinaryAUROC,test_BinaryAccuracy,test_BinaryF1Score,test_BinaryPrecision,test_BinaryRecall,test_BinarySpecificity,test_loss
0,0,0.9210413098335266,0.8426395654678345,0.8825757503509521,0.9748954176902771,0.8062283992767334,0.9428571462631226,0.5145206451416016
