epoch,step,val_BinaryAUROC,val_BinaryAccuracy,val_BinaryF1Score,val_BinaryPrecision,val_BinaryRecall,val_BinarySpecificity,val_loss
0,0,0.2957412004470825,0.6695803999900818,0.8016788959503174,0.8322439789772034,0.7732793688774109,0.012820512987673283,0.8648775219917297
