epoch,step,test_BinaryAUROC,test_BinaryAccuracy,test_BinaryF1Score,test_BinaryPrecision,test_BinaryRecall,test_BinarySpecificity,test_loss
0,0,0.6661928296089172,0.6087007522583008,0.6061469316482544,0.6101289987564087,0.6022164821624756,0.6151850819587708,0.7465776205062866
