epoch,step,val_BinaryAUROC,val_BinaryAccuracy,val_BinaryF1Score,val_BinaryPrecision,val_BinaryRecall,val_BinarySpecificity,val_loss
0,0,0.24845585227012634,0.7010489702224731,0.8213165998458862,0.8488121032714844,0.7955465316772461,0.10256410390138626,0.8632757067680359
