epoch,step,val_BinaryAUROC,val_BinaryAccuracy,val_BinaryF1Score,val_BinaryPrecision,val_BinaryRecall,val_BinarySpecificity,val_loss
0,0,0.5872002840042114,0.8129370808601379,0.8966183662414551,0.8576709628105164,0.9392712712287903,0.012820512987673283,0.8437463641166687
