epoch,step,val_BinaryAUROC,val_BinaryAccuracy,val_BinaryF1Score,val_BinaryPrecision,val_BinaryRecall,val_BinarySpecificity,val_loss
0,0,0.7961367964744568,0.500649094581604,0.6671386957168579,0.5005903244018555,0.9997642040252686,0.0004725898033939302,3.3804540634155273
