epoch,step,test_BinaryAUROC,test_BinaryAccuracy,test_BinaryF1Score,test_BinaryPrecision,test_BinaryRecall,test_BinarySpecificity,test_loss
0,0,0.9370242357254028,0.8020304441452026,0.8500000238418579,0.9567099809646606,0.7647058963775635,0.9047619104385376,0.5911334753036499
