epoch,step,test_BinaryAUROC,test_BinaryAccuracy,test_BinaryF1Score,test_BinaryPrecision,test_BinaryRecall,test_BinarySpecificity,test_loss
0,0,0.5180095434188843,0.6421319842338562,0.7779527306556702,0.7138728499412537,0.85467129945755,0.05714285746216774,1.0802297592163086
