epoch,step,test_BinaryAUROC,test_BinaryAccuracy,test_BinaryF1Score,test_BinaryPrecision,test_BinaryRecall,test_BinarySpecificity,test_loss
0,0,0.6251254081726074,0.586536169052124,0.584626317024231,0.5873393416404724,0.5819382071495056,0.5911341905593872,0.9065907597541809
