epoch,step,test_BinaryAUROC,test_BinaryAccuracy,test_BinaryF1Score,test_BinaryPrecision,test_BinaryRecall,test_BinarySpecificity,test_loss
0,0,0.9288844466209412,0.875634491443634,0.9153713583946228,0.9137930870056152,0.9169549942016602,0.761904776096344,0.4052186608314514
