epoch,step,test_BinaryAUROC,test_BinaryAccuracy,test_BinaryF1Score,test_BinaryPrecision,test_BinaryRecall,test_BinarySpecificity,test_loss
0,0,0.9321963787078857,0.8578680157661438,0.9007092118263245,0.9236363768577576,0.878892719745636,0.800000011920929,0.4078485369682312
