epoch,step,test_BinaryAUROC,test_BinaryAccuracy,test_BinaryF1Score,test_BinaryPrecision,test_BinaryRecall,test_BinarySpecificity,test_loss
0,0,0.8634865283966064,0.7664974331855774,0.8122448921203613,0.9900497794151306,0.6885812878608704,0.9809523820877075,1.0133605003356934
