epoch,step,test_BinaryAUROC,test_BinaryAccuracy,test_BinaryF1Score,test_BinaryPrecision,test_BinaryRecall,test_BinarySpecificity,test_loss
0,0,0.912077784538269,0.8401015400886536,0.8813559412956238,0.9669421315193176,0.8096885681152344,0.9238095283508301,0.5246849060058594
