epoch,step,test_BinaryAUROC,test_BinaryAccuracy,test_BinaryF1Score,test_BinaryPrecision,test_BinaryRecall,test_BinarySpecificity,test_loss
0,0,0.6205747127532959,0.5850035548210144,0.5575666427612305,0.5970390439033508,0.5229898691177368,0.647017240524292,0.9315617084503174
