epoch,step,test_BinaryAUROC,test_BinaryAccuracy,test_BinaryF1Score,test_BinaryPrecision,test_BinaryRecall,test_BinarySpecificity,test_loss
0,0,0.6287682056427002,0.5943173766136169,0.5994645357131958,0.5919540524482727,0.6071681380271912,0.5814666152000427,0.919709324836731
