epoch,step,test_BinaryAUROC,test_BinaryAccuracy,test_BinaryF1Score,test_BinaryPrecision,test_BinaryRecall,test_BinarySpecificity,test_loss
0,0,0.9236118197441101,0.7868020534515381,0.8352941274642944,0.9638009071350098,0.7370242476463318,0.9238095283508301,0.7135261297225952
