fooling_rate,step,time_elapsed,uap,uap_step,uap_time_elapsed
0.56,0,25.277965470999334,0,1,
,0,,,,25.42725850900024
0.56,1,25.114221006000662,1,1,
,1,,,,25.270195523999064
0.56,2,25.137710070999674,2,1,
,2,,,,25.293243424001048
0.555,3,25.531314322999606,3,1,
,3,,,,25.699247235999792
0.56,4,25.34518912600106,4,1,
,4,,,,25.49859292600013
