epoch,step,test_BinaryAUROC,test_BinaryAccuracy,test_BinaryF1Score,test_BinaryPrecision,test_BinaryRecall,test_BinarySpecificity,test_loss
0,0,0.586089015007019,0.5450365543365479,0.34604305028915405,0.6150602698326111,0.24074511229991913,0.8493279814720154,1.0622777938842773
