epoch,step,test_BinaryAUROC,test_BinaryAccuracy,test_BinaryF1Score,test_BinaryPrecision,test_BinaryRecall,test_BinarySpecificity,test_loss
0,0,0.6179147958755493,0.5841782689094543,0.6025019884109497,0.5770725607872009,0.6302759051322937,0.538080632686615,0.9364321231842041
