epoch,step,val_BinaryAUROC,val_BinaryAccuracy,val_BinaryF1Score,val_BinaryPrecision,val_BinaryRecall,val_BinarySpecificity,val_loss
0,0,0.8493404984474182,0.7117903828620911,0.6423550248146057,0.8477000594139099,0.5170950293540955,0.9068998098373413,0.6261391639709473
