epoch,step,test_BinaryAUROC,test_BinaryAccuracy,test_BinaryF1Score,test_BinaryPrecision,test_BinaryRecall,test_BinarySpecificity,test_loss
0,0,0.6107172966003418,0.5760433673858643,0.6099783182144165,0.5647720694541931,0.663051187992096,0.48903560638427734,1.012790560722351
