epoch,step,val_BinaryAUROC,val_BinaryAccuracy,val_BinaryF1Score,val_BinaryPrecision,val_BinaryRecall,val_BinarySpecificity,val_loss
0,0,0.9033331871032715,0.8005428910255432,0.8266311287879944,0.7316142916679382,0.9500117897987366,0.6507561206817627,0.4765550196170807
