fooling_rate,step,time_elapsed,uap,uap_step,uap_time_elapsed
0.195,0,25.62990251400015,0,1,
0.055,1,29.11508234599978,0,2,
0.345,2,31.99814556599995,0,3,
,2,,,,86.9304047630003
0.27,3,24.126215709999997,1,1,
,3,,,,24.309419972999876
0.19,4,25.99800626399974,2,1,
0.385,5,33.3700872950003,2,2,
,5,,,,59.56502366699988
0.205,6,22.298991706999914,3,1,
,6,,,,22.48249901700001
0.33,7,26.002708615999836,4,1,
,7,,,,26.192232574000172
