epoch,step,test_BinaryAUROC,test_BinaryAccuracy,test_BinaryF1Score,test_BinaryPrecision,test_BinaryRecall,test_BinarySpecificity,test_loss
0,0,0.9050914645195007,0.8451776504516602,0.8864059448242188,0.9596773982048035,0.8235294222831726,0.9047619104385376,0.5111609101295471
