epoch,step,test_BinaryAUROC,test_BinaryAccuracy,test_BinaryF1Score,test_BinaryPrecision,test_BinaryRecall,test_BinarySpecificity,test_loss
0,0,0.5896510481834412,0.5613062977790833,0.5216608643531799,0.5734878182411194,0.47842490673065186,0.6441876888275146,0.9840145111083984
