epoch,step,val_BinaryAUROC,val_BinaryAccuracy,val_BinaryF1Score,val_BinaryPrecision,val_BinaryRecall,val_BinarySpecificity,val_loss
0,0,0.24552321434020996,0.5506992936134338,0.7089467644691467,0.8046272397041321,0.6336032152175903,0.025641025975346565,1.1215457916259766
