epoch,step,val_BinaryAUROC,val_BinaryAccuracy,val_BinaryF1Score,val_BinaryPrecision,val_BinaryRecall,val_BinarySpecificity,val_loss
0,0,0.9016143083572388,0.8122270703315735,0.8037014007568359,0.8429089188575745,0.7679792642593384,0.8565689921379089,0.4585857689380646
