epoch,step,test_BinaryAUROC,test_BinaryAccuracy,test_BinaryF1Score,test_BinaryPrecision,test_BinaryRecall,test_BinarySpecificity,test_loss
0,0,0.9188663959503174,0.7411167621612549,0.790123462677002,0.9746192693710327,0.6643598675727844,0.9523809552192688,0.9631803631782532
