epoch,step,test_BinaryAUROC,test_BinaryAccuracy,test_BinaryF1Score,test_BinaryPrecision,test_BinaryRecall,test_BinarySpecificity,test_loss
0,0,0.5690780282020569,0.5383164286613464,0.6284629702568054,0.5257977247238159,0.7809478640556335,0.2956849932670593,1.3743586540222168
