epoch,step,val_BinaryAUROC,val_BinaryAccuracy,val_BinaryF1Score,val_BinaryPrecision,val_BinaryRecall,val_BinarySpecificity,val_loss
0,0,0.5362815856933594,0.7150349617004395,0.8335036039352417,0.8412371277809143,0.8259109258651733,0.012820512987673283,1.0006742477416992
