epoch,step,test_BinaryAUROC,test_BinaryAccuracy,test_BinaryF1Score,test_BinaryPrecision,test_BinaryRecall,test_BinarySpecificity,test_loss
0,0,0.9103970527648926,0.7360405921936035,0.7824267745018005,0.9894179701805115,0.6470588445663452,0.9809523820877075,1.0641613006591797
