epoch,step,test_BinaryAUROC,test_BinaryAccuracy,test_BinaryF1Score,test_BinaryPrecision,test_BinaryRecall,test_BinarySpecificity,test_loss
0,0,0.8976931571960449,0.8502538204193115,0.8897196054458618,0.9674796462059021,0.8235294222831726,0.9238095283508301,0.5392113327980042
