epoch,step,val_BinaryAUROC,val_BinaryAccuracy,val_BinaryF1Score,val_BinaryPrecision,val_BinaryRecall,val_BinarySpecificity,val_loss
0,0,0.5274577140808105,0.8041958212852478,0.8912621140480042,0.8563432693481445,0.9291498064994812,0.012820512987673283,1.0038262605667114
