epoch,step,test_BinaryAUROC,test_BinaryAccuracy,test_BinaryF1Score,test_BinaryPrecision,test_BinaryRecall,test_BinarySpecificity,test_loss
0,0,0.8562530875205994,0.779187798500061,0.8277227878570557,0.9675925970077515,0.7231833934783936,0.9333333373069763,0.7908040285110474
