epoch,step,test_BinaryAUROC,test_BinaryAccuracy,test_BinaryF1Score,test_BinaryPrecision,test_BinaryRecall,test_BinarySpecificity,test_loss
0,0,0.9086505174636841,0.8020304441452026,0.8522727489471436,0.9414225816726685,0.7785466909408569,0.8666666746139526,0.6558732986450195
