fooling_rate,step,time_elapsed,uap,uap_step,uap_time_elapsed
0.07,0,29.203827620000084,0,1,
0.02,1,27.27084852500002,0,2,
0.365,2,27.245026357999905,0,3,
,2,,,,83.88470564799991
0.335,3,23.67359294400012,1,1,
,3,,,,23.851515244999973
0.09,4,24.801217026999893,2,1,
0.395,5,27.075155561999964,2,2,
,5,,,,52.05235589199992
0.085,6,24.29689609900015,3,1,
0.415,7,26.670098137999958,3,2,
,7,,,,51.137850011999944
0.35,8,24.354896595000127,4,1,
,8,,,,24.539626347999956
