epoch,step,test_BinaryAUROC,test_BinaryAccuracy,test_BinaryF1Score,test_BinaryPrecision,test_BinaryRecall,test_BinarySpecificity,test_loss
0,0,0.5911568403244019,0.5613062977790833,0.6369401812553406,0.5432756543159485,0.7696297764778137,0.3529827892780304,1.2703187465667725
