epoch,step,test_BinaryAUROC,test_BinaryAccuracy,test_BinaryF1Score,test_BinaryPrecision,test_BinaryRecall,test_BinarySpecificity,test_loss
0,0,0.5830327868461609,0.5539966821670532,0.5973390340805054,0.5444315075874329,0.6616364121437073,0.44635698199272156,1.0574506521224976
