epoch,step,test_BinaryAUROC,test_BinaryAccuracy,test_BinaryF1Score,test_BinaryPrecision,test_BinaryRecall,test_BinarySpecificity,test_loss
0,0,0.9223595261573792,0.8680202960968018,0.9068100452423096,0.9405204653739929,0.875432550907135,0.8476190567016602,0.45415568351745605
