epoch,step,test_BinaryAUROC,test_BinaryAccuracy,test_BinaryF1Score,test_BinaryPrecision,test_BinaryRecall,test_BinarySpecificity,test_loss
0,0,0.6992989778518677,0.6553878784179688,0.6791085600852966,0.6353738903999329,0.7293091416358948,0.5814666152000427,0.7991719245910645
