epoch,step,val_BinaryAUROC,val_BinaryAccuracy,val_BinaryF1Score,val_BinaryPrecision,val_BinaryRecall,val_BinarySpecificity,val_loss
0,0,0.9534672498703003,0.8548951148986816,0.9094874858856201,0.9858155846595764,0.8441295623779297,0.9230769276618958,0.3828739523887634
