epoch,step,test_BinaryAUROC,test_BinaryAccuracy,test_BinaryF1Score,test_BinaryPrecision,test_BinaryRecall,test_BinarySpecificity,test_loss
0,0,0.5924596786499023,0.5613062977790833,0.635589063167572,0.5435510873794556,0.765149712562561,0.3574628531932831,1.283014178276062
