epoch,step,test_BinaryAUROC,test_BinaryAccuracy,test_BinaryF1Score,test_BinaryPrecision,test_BinaryRecall,test_BinarySpecificity,test_loss
0,0,0.6043829321861267,0.7258883118629456,0.8348624110221863,0.7479451894760132,0.9446367025375366,0.12380952388048172,0.996961772441864
