epoch,step,test_BinaryAUROC,test_BinaryAccuracy,test_BinaryF1Score,test_BinaryPrecision,test_BinaryRecall,test_BinarySpecificity,test_loss
0,0,0.9265941381454468,0.8578680157661438,0.9010600447654724,0.9205776453018188,0.8823529481887817,0.7904762029647827,0.41795748472213745
