epoch,step,test_BinaryAUROC,test_BinaryAccuracy,test_BinaryF1Score,test_BinaryPrecision,test_BinaryRecall,test_BinarySpecificity,test_loss
0,0,0.901268720626831,0.7842639684677124,0.8374760746955872,0.9358974099159241,0.757785439491272,0.8571428656578064,0.6603719592094421
