epoch,step,test_BinaryAUROC,test_BinaryAccuracy,test_BinaryF1Score,test_BinaryPrecision,test_BinaryRecall,test_BinarySpecificity,test_loss
0,0,0.9297083020210266,0.8426395654678345,0.8888888955116272,0.921933114528656,0.858131468296051,0.800000011920929,0.43288880586624146
