epoch,step,val_BinaryAUROC,val_BinaryAccuracy,val_BinaryF1Score,val_BinaryPrecision,val_BinaryRecall,val_BinarySpecificity,val_loss
0,0,0.27561506628990173,0.440559446811676,0.5969773530960083,0.7900000214576721,0.47975707054138184,0.19230769574642181,1.2635009288787842
