epoch,step,test_BinaryAUROC,test_BinaryAccuracy,test_BinaryF1Score,test_BinaryPrecision,test_BinaryRecall,test_BinarySpecificity,test_loss
0,0,0.8118306398391724,0.7411167621612549,0.8365384340286255,0.779104471206665,0.9031141996383667,0.29523810744285583,0.7207168936729431
