epoch,step,test_BinaryAUROC,test_BinaryAccuracy,test_BinaryF1Score,test_BinaryPrecision,test_BinaryRecall,test_BinarySpecificity,test_loss
0,0,0.609708309173584,0.5779297351837158,0.6052922010421753,0.5684406757354736,0.6472529768943787,0.5086064338684082,1.0387619733810425
