epoch,step,test_BinaryAUROC,test_BinaryAccuracy,test_BinaryF1Score,test_BinaryPrecision,test_BinaryRecall,test_BinarySpecificity,test_loss
0,0,0.5940167903900146,0.5617778897285461,0.6385999321937561,0.5433487892150879,0.7743456959724426,0.34921008348464966,1.2848806381225586
