epoch,step,val_BinaryAUROC,val_BinaryAccuracy,val_BinaryF1Score,val_BinaryPrecision,val_BinaryRecall,val_BinarySpecificity,val_loss
0,0,0.24037162959575653,0.4860139787197113,0.6449275612831116,0.7994012236595154,0.5404858589172363,0.14102564752101898,1.1351064443588257
