epoch,step,test_BinaryAUROC,test_BinaryAccuracy,test_BinaryF1Score,test_BinaryPrecision,test_BinaryRecall,test_BinarySpecificity,test_loss
0,0,0.6150110960006714,0.5824097990989685,0.6035370230674744,0.5744726061820984,0.6356991529464722,0.5291205048561096,0.9542505145072937
