epoch,step,val_BinaryAUROC,val_BinaryAccuracy,val_BinaryF1Score,val_BinaryPrecision,val_BinaryRecall,val_BinarySpecificity,val_loss
0,0,0.8379811644554138,0.6034462451934814,0.37172773480415344,0.8979223370552063,0.23437868058681488,0.9732986688613892,1.0998693704605103
