epoch,step,val_BinaryAUROC,val_BinaryAccuracy,val_BinaryF1Score,val_BinaryPrecision,val_BinaryRecall,val_BinarySpecificity,val_loss
0,0,0.9175786375999451,0.8368936777114868,0.8339341282844543,0.8502817749977112,0.8182032704353333,0.8556238412857056,0.3965804874897003
