epoch,step,test_BinaryAUROC,test_BinaryAccuracy,test_BinaryF1Score,test_BinaryPrecision,test_BinaryRecall,test_BinarySpecificity,test_loss
0,0,0.5586185455322266,0.5356048345565796,0.6407660841941833,0.5224568843841553,0.8283423781394958,0.24286724627017975,1.2674864530563354
