epoch,step,test_BinaryAUROC,test_BinaryAccuracy,test_BinaryF1Score,test_BinaryPrecision,test_BinaryRecall,test_BinarySpecificity,test_loss
0,0,0.7056173086166382,0.6345201730728149,0.6528555154800415,0.621667742729187,0.6873378753662109,0.5817024111747742,0.7008589506149292
