epoch,step,test_BinaryAUROC,test_BinaryAccuracy,test_BinaryF1Score,test_BinaryPrecision,test_BinaryRecall,test_BinarySpecificity,test_loss
0,0,0.9028505682945251,0.8451776504516602,0.8859813213348389,0.9634146094322205,0.8200691938400269,0.9142857193946838,0.5362075567245483
