epoch,step,test_BinaryAUROC,test_BinaryAccuracy,test_BinaryF1Score,test_BinaryPrecision,test_BinaryRecall,test_BinarySpecificity,test_loss
0,0,0.9070028066635132,0.8096446990966797,0.8538011908531189,0.9776785969734192,0.757785439491272,0.9523809552192688,0.6464200615882874
