epoch,step,val_BinaryAUROC,val_BinaryAccuracy,val_BinaryF1Score,val_BinaryPrecision,val_BinaryRecall,val_BinarySpecificity,val_loss
0,0,0.7260329723358154,0.8444055914878845,0.9153187274932861,0.8635547757148743,0.9736841917037964,0.025641025975346565,0.7588747143745422
