epoch,step,test_BinaryAUROC,test_BinaryAccuracy,test_BinaryF1Score,test_BinaryPrecision,test_BinaryRecall,test_BinarySpecificity,test_loss
0,0,0.5985941886901855,0.5662579536437988,0.5070347189903259,0.5872129201889038,0.4461211860179901,0.6863946914672852,0.9106507301330566
