epoch,step,val_BinaryAUROC,val_BinaryAccuracy,val_BinaryF1Score,val_BinaryPrecision,val_BinaryRecall,val_BinarySpecificity,val_loss
0,0,0.6050295829772949,0.6958041787147522,0.8104575276374817,0.8773584961891174,0.7530364394187927,0.3333333432674408,0.7605109214782715
