epoch,step,val_BinaryAUROC,val_BinaryAccuracy,val_BinaryF1Score,val_BinaryPrecision,val_BinaryRecall,val_BinarySpecificity,val_loss
0,0,0.7953445911407471,0.5652071237564087,0.24259868264198303,0.9470304846763611,0.13911813497543335,0.9922022819519043,1.6474331617355347
