fooling_rate,step,time_elapsed,uap,uap_step,uap_time_elapsed
0.56,0,24.583187153000836,0,1,
,0,,,,24.727640409999367
0.55,1,25.246635970999705,1,1,
,1,,,,25.40702201500062
0.545,2,25.01054085999931,2,1,
,2,,,,25.166414010000153
0.55,3,24.962900156000615,3,1,
,3,,,,25.110958847000802
0.555,4,24.792033830000946,4,1,
,4,,,,24.947894348999398
