epoch,step,test_BinaryAUROC,test_BinaryAccuracy,test_BinaryF1Score,test_BinaryPrecision,test_BinaryRecall,test_BinarySpecificity,test_loss
0,0,0.6320654153823853,0.5949068665504456,0.577679455280304,0.6033375859260559,0.554114580154419,0.6356991529464722,0.8153747320175171
