epoch,step,test_BinaryAUROC,test_BinaryAccuracy,test_BinaryF1Score,test_BinaryPrecision,test_BinaryRecall,test_BinarySpecificity,test_loss
0,0,0.6926743984222412,0.5941994786262512,0.6651750802993774,0.566153347492218,0.8061777949333191,0.38222116231918335,0.8565385341644287
