epoch,step,test_BinaryAUROC,test_BinaryAccuracy,test_BinaryF1Score,test_BinaryPrecision,test_BinaryRecall,test_BinarySpecificity,test_loss
0,0,0.5787287354469299,0.5610705018043518,0.5378026366233826,0.5679076910018921,0.5107285976409912,0.6114124059677124,0.9264655709266663
