epoch,step,test_BinaryAUROC,test_BinaryAccuracy,test_BinaryF1Score,test_BinaryPrecision,test_BinaryRecall,test_BinarySpecificity,test_loss
0,0,0.5225012898445129,0.5226361751556396,0.46912285685539246,0.5283520221710205,0.42183446884155273,0.6234378814697266,1.0342050790786743
