epoch,step,val_BinaryAUROC,val_BinaryAccuracy,val_BinaryF1Score,val_BinaryPrecision,val_BinaryRecall,val_BinarySpecificity,val_loss
0,0,0.37485724687576294,0.7202796936035156,0.8364008069038391,0.8450413346290588,0.8279352188110352,0.03846153989434242,0.7973337769508362
