epoch,step,test_BinaryAUROC,test_BinaryAccuracy,test_BinaryF1Score,test_BinaryPrecision,test_BinaryRecall,test_BinarySpecificity,test_loss
0,0,0.5755935907363892,0.542442798614502,0.6332798004150391,0.5283822417259216,0.7901438474655151,0.29474180936813354,1.3917303085327148
