epoch,step,test_BinaryAUROC,test_BinaryAccuracy,test_BinaryF1Score,test_BinaryPrecision,test_BinaryRecall,test_BinarySpecificity,test_loss
0,0,0.5908037424087524,0.5610705018043518,0.6378756761550903,0.5428807735443115,0.7731667160987854,0.3489742875099182,1.2563053369522095
