epoch,step,val_BinaryAUROC,val_BinaryAccuracy,val_BinaryF1Score,val_BinaryPrecision,val_BinaryRecall,val_BinarySpecificity,val_loss
0,0,0.8481132984161377,0.8444055914878845,0.9131707549095154,0.8813559412956238,0.9473684430122375,0.19230769574642181,0.5074658393859863
