epoch,step,val_BinaryAUROC,val_BinaryAccuracy,val_BinaryF1Score,val_BinaryPrecision,val_BinaryRecall,val_BinarySpecificity,val_loss
0,0,0.949094295501709,0.9020978808403015,0.9416666626930237,0.9699570536613464,0.9149797558784485,0.8205128312110901,0.31230995059013367
