epoch,step,val_BinaryAUROC,val_BinaryAccuracy,val_BinaryF1Score,val_BinaryPrecision,val_BinaryRecall,val_BinarySpecificity,val_loss
0,0,0.48437637090682983,0.4742121994495392,0.5041736364364624,0.47744518518447876,0.5340721607208252,0.4142249524593353,1.5503859519958496
