epoch,step,test_BinaryAUROC,test_BinaryAccuracy,test_BinaryF1Score,test_BinaryPrecision,test_BinaryRecall,test_BinarySpecificity,test_loss
0,0,0.6657534837722778,0.6097618341445923,0.5980082750320435,0.616578996181488,0.5805234909057617,0.6390002369880676,0.7590092420578003
