epoch,step,test_BinaryAUROC,test_BinaryAccuracy,test_BinaryF1Score,test_BinaryPrecision,test_BinaryRecall,test_BinarySpecificity,test_loss
0,0,0.5890620946884155,0.5607168078422546,0.5475959181785583,0.5644555687904358,0.5317142009735107,0.5897194147109985,0.9892098903656006
