epoch,step,test_BinaryAUROC,test_BinaryAccuracy,test_BinaryF1Score,test_BinaryPrecision,test_BinaryRecall,test_BinarySpecificity,test_loss
0,0,0.6086097359657288,0.5806413292884827,0.6009200215339661,0.5732020735740662,0.6314548254013062,0.529827892780304,0.9629569053649902
