epoch,step,val_BinaryAUROC,val_BinaryAccuracy,val_BinaryF1Score,val_BinaryPrecision,val_BinaryRecall,val_BinarySpecificity,val_loss
0,0,0.48118582367897034,0.500767171382904,0.667191207408905,0.5006494522094727,0.9997642040252686,0.0007088846759870648,3.7956676483154297
