epoch,step,val_BinaryAUROC,val_BinaryAccuracy,val_BinaryF1Score,val_BinaryPrecision,val_BinaryRecall,val_BinarySpecificity,val_loss
0,0,0.9908777475357056,0.9720279574394226,0.9840637445449829,0.9686274528503418,1.0,0.7948718070983887,0.09539644420146942
