epoch,step,test_BinaryAUROC,test_BinaryAccuracy,test_BinaryF1Score,test_BinaryPrecision,test_BinaryRecall,test_BinarySpecificity,test_loss
0,0,0.5880250334739685,0.5574157238006592,0.633613109588623,0.5405495166778564,0.7653855085372925,0.3494458794593811,1.230210781097412
