epoch,step,test_BinaryAUROC,test_BinaryAccuracy,test_BinaryF1Score,test_BinaryPrecision,test_BinaryRecall,test_BinarySpecificity,test_loss
0,0,0.8958477973937988,0.8096446990966797,0.8598130941390991,0.934959352016449,0.7958477735519409,0.8476190567016602,0.6776865124702454
