epoch,step,test_BinaryAUROC,test_BinaryAccuracy,test_BinaryF1Score,test_BinaryPrecision,test_BinaryRecall,test_BinarySpecificity,test_loss
0,0,0.907249927520752,0.7715736031532288,0.8214285969734192,0.9627906680107117,0.7162629961967468,0.9238095283508301,0.8011561036109924
